Method,Mean Accuracy
SVM,0.5666666666666667
TDA H0,0.5499999999999999
TDA H1,0.9444444444444444
